Workbook
Name Slicer_Rep_Name: #N/A

Sheet Employee Table
A1: EmployeeID | B1: Rep Name | C1: Region | D1: Commission Rate
A2: E101 | B2: Thabo Nkosi | C2: Gauteng | D2: 0.08
A3: E102 | B3: Priya Pillay | C3: KZN | D3: 0.1
A4: E103 | B4: Zanele Dlamini | C4: Western Cape | D4: 0.09
A5: E104 | B5: Riaan Botha | C5: Gauteng | D5: 0.08
A6: E105 | B6: Amahle Zulu | C6: KZN | D6: 0.1

Sheet Sales Transactions
A3: TransactionID | B3: Date | C3: EmployeeID | D3: Product Sold | E3: Sale Amount (R) | F3: Rep Name | G3: Commission Rate | H3: Commission Earned
A4: S2001 | B4: 46126 | C4: E103 | D4: Laptop | E4: 12500 | F4: =_xlfn.XLOOKUP('Sales Transactions'!C4,'Employee Table'!A2:A6,'Employee Table'!B2:B6) -> Zanele Dlamini | G4: =_xlfn.XLOOKUP(C4,'Employee Table'!A2:A6,'Employee Table'!D2:D6) -> 0.09 | H4: =E4*G4 -> 1125
A5: S2002 | B5: 46126 | C5: E101 | D5: Monitor | E5: 4800 | F5: =_xlfn.XLOOKUP(C5,'Employee Table'!A2:A6,'Employee Table'!B2:B6) -> Thabo Nkosi | G5: =_xlfn.XLOOKUP(C5,'Employee Table'!A2:A6,'Employee Table'!D2:D6) -> 0.08 | H5: =E5*G5 -> 384
A6: S2003 | B6: 46127 | C6: E105 | D6: Keyboard | E6: 1200 | F6: =_xlfn.XLOOKUP(C6,'Employee Table'!A2:A6,'Employee Table'!B2:B6) -> Amahle Zulu | G6: =_xlfn.XLOOKUP(C6,'Employee Table'!A2:A6,'Employee Table'!D2:D6) -> 0.1 | H6: =E6*G6 -> 120
A7: S2004 | B7: 46127 | C7: E102 | D7: Laptop | E7: 12500 | F7: =_xlfn.XLOOKUP(C7,'Employee Table'!A2:A6,'Employee Table'!B2:B6) -> Priya Pillay | G7: =_xlfn.XLOOKUP(C7,'Employee Table'!A2:A6,'Employee Table'!D2:D6) -> 0.1 | H7: =E7*G7 -> 1250
A8: S2005 | B8: 46128 | C8: E104 | D8: USB Hub | E8: 950 | F8: =_xlfn.XLOOKUP(C8,'Employee Table'!A2:A6,'Employee Table'!B2:B6) -> Riaan Botha | G8: =_xlfn.XLOOKUP(C8,'Employee Table'!A2:A6,'Employee Table'!D2:D6) -> 0.08 | H8: =E8*G8 -> 76
A9: S2006 | B9: 46128 | C9: E101 | D9: Headset | E9: 2300 | F9: =_xlfn.XLOOKUP(C9,'Employee Table'!A2:A6,'Employee Table'!B2:B6) -> Thabo Nkosi | G9: =_xlfn.XLOOKUP(C9,'Employee Table'!A2:A6,'Employee Table'!D2:D6) -> 0.08 | H9: =E9*G9 -> 184
A10: S2007 | B10: 46128 | C10: E103 | D10: Monitor | E10: 4800 | F10: =_xlfn.XLOOKUP(C10,'Employee Table'!A2:A6,'Employee Table'!B2:B6) -> Zanele Dlamini | G10: =_xlfn.XLOOKUP(C10,'Employee Table'!A2:A6,'Employee Table'!D2:D6) -> 0.09 | H10: =E10*G10 -> 432
A11: S2008 | B11: 46129 | C11: E102 | D11: Webcam | E11: 1750 | F11: =_xlfn.XLOOKUP(C11,'Employee Table'!A2:A6,'Employee Table'!B2:B6) -> Priya Pillay | G11: =_xlfn.XLOOKUP(C11,'Employee Table'!A2:A6,'Employee Table'!D2:D6) -> 0.1 | H11: =E11*G11 -> 175
A12: S2009 | B12: 46130 | C12: E105 | D12: Laptop | E12: 12500 | F12: =_xlfn.XLOOKUP(C12,'Employee Table'!A2:A6,'Employee Table'!B2:B6) -> Amahle Zulu | G12: =_xlfn.XLOOKUP(C12,'Employee Table'!A2:A6,'Employee Table'!D2:D6) -> 0.1 | H12: =E12*G12 -> 1250
A13: S2010 | B13: 46130 | C13: E104 | D13: Mouse | E13: 450 | F13: =_xlfn.XLOOKUP(C13,'Employee Table'!A2:A6,'Employee Table'!B2:B6) -> Riaan Botha | G13: =_xlfn.XLOOKUP(C13,'Employee Table'!A2:A6,'Employee Table'!D2:D6) -> 0.08 | H13: =E13*G13 -> 36

Sheet Report
A3: Row Labels | B3: Sum of Sale Amount (R) | C3: Sum of Commission Earned
A4: Zanele Dlamini | B4: 17300 | C4: 1557
A5: Priya Pillay | B5: 14250 | C5: 1425
A6: Amahle Zulu | B6: 13700 | C6: 1370
A7: Thabo Nkosi | B7: 7100 | C7: 568
A8: Riaan Botha | B8: 1400 | C8: 112
A9: Grand Total | B9: 53750 | C9: 5032
