Workbook

Sheet Products Table
A1: Product ID | B1: Product Name | C1: Category | D1: Unit Price (R)
A2: PR01 | B2: Gaming Laptop | C2: Electronics | D2: 15000
A3: PR02 | B3: Office Chair | C3: Furniture | D3: 3200
A4: PR03 | B4: Wireless Headset | C4: Electronics | D4: 1800
A5: PR04 | B5: Standing Desk | C5: Furniture | D5: 5500
A6: PR05 | B6: Webcam HD | C6: Electronics | D6: 1200
A7: PR06 | B7: Notebook Bundle | C7: Stationery | D7: 350
A8: PR07 | B8: Mechanical Keyboard | C8: Electronics | D8: 2100
A9: PR08 | B9: Whiteboard | C9: Stationery | D9: 890

Sheet Employee Table
A1: Employee ID | B1: Rep Name | C1: Region
A2: EM01 | B2: Thabo Nkosi | C2: Gauteng
A3: EM02 | B3: Priya Pillay | C3: KZN
A4: EM03 | B4: Zanele Dlamini | C4: Western Cape
A5: EM04 | B5: Riaan Botha | C5: Gauteng
A6: EM05 | B6: Amahle Zulu | C6: KZN
A7: EM06 | B7: Lebo Mahlangu | C7: Limpopo

Sheet Raw Transactions
A1: Txn ID | B1: Date | C1: EmployeeID | D1: ProductID | E1: Qty | F1: Product Name | G1: Category | H1: Unit Price (R) | I1: Rep Name | J1: Region | K1: Total Revenue (R)
A2: T001 | B2: 46113 | C2: EM03 | D2: PR01 | E2: 2 | F2: =_xlfn.XLOOKUP(D2,'Products Table'!A2:A9,'Products Table'!B2:B9) -> Gaming Laptop | G2: =_xlfn.XLOOKUP(D2,'Products Table'!A2:A9,'Products Table'!C2:C9) -> Electronics | H2: =_xlfn.XLOOKUP(F2,'Products Table'!B2:B9,'Products Table'!D2:D9) -> 15000 | I2: =_xlfn.XLOOKUP(C2,'Employee Table'!A2:A7,'Employee Table'!B2:B7) -> Zanele Dlamini | J2: =_xlfn.XLOOKUP(I2,'Employee Table'!B2:B7,'Employee Table'!C2:C7) -> Western Cape | K2: =H2*E2 -> 30000
A3: T002 | B3: 46113 | C3: EM01 | D3: PR06 | E3: 10 | F3: =_xlfn.XLOOKUP(D3,'Products Table'!A3:A10,'Products Table'!B3:B10) -> Notebook Bundle | G3: =_xlfn.XLOOKUP(D3,'Products Table'!A3:A10,'Products Table'!C3:C10) -> Stationery | H3: =_xlfn.XLOOKUP(F3,'Products Table'!B3:B10,'Products Table'!D3:D10) -> 350 | I3: =_xlfn.XLOOKUP(C3,'Employee Table'!A2:A7,'Employee Table'!B2:B7) -> Thabo Nkosi | J3: =_xlfn.XLOOKUP(I3,'Employee Table'!B2:B7,'Employee Table'!C2:C7) -> Gauteng | K3: =H3*E3 -> 3500
A4: T003 | B4: 46114 | C4: EM05 | D4: PR03 | E4: 4 | F4: =_xlfn.XLOOKUP(D4,'Products Table'!A4:A11,'Products Table'!B4:B11) -> Wireless Headset | G4: =_xlfn.XLOOKUP(D4,'Products Table'!A4:A11,'Products Table'!C4:C11) -> Electronics | H4: =_xlfn.XLOOKUP(F4,'Products Table'!B4:B11,'Products Table'!D4:D11) -> 1800 | I4: =_xlfn.XLOOKUP(C4,'Employee Table'!A4:A9,'Employee Table'!B4:B9) -> Amahle Zulu | J4: =_xlfn.XLOOKUP(I4,'Employee Table'!B4:B9,'Employee Table'!C4:C9) -> KZN | K4: =H4*E4 -> 7200
A5: T004 | B5: 46114 | C5: EM02 | D5: PR04 | E5: 1 | F5: =_xlfn.XLOOKUP(D5,'Products Table'!A5:A12,'Products Table'!B5:B12) -> Standing Desk | G5: =_xlfn.XLOOKUP(D5,'Products Table'!A5:A12,'Products Table'!C5:C12) -> Furniture | H5: =_xlfn.XLOOKUP(F5,'Products Table'!B5:B12,'Products Table'!D5:D12) -> 5500 | I5: =_xlfn.XLOOKUP(C5,'Employee Table'!A2:A7,'Employee Table'!B2:B7) -> Priya Pillay | J5: =_xlfn.XLOOKUP(I5,'Employee Table'!B2:B7,'Employee Table'!C2:C7) -> KZN | K5: =H5*E5 -> 5500
A6: T005 | B6: 46115 | C6: EM04 | D6: PR07 | E6: 3 | F6: =_xlfn.XLOOKUP(D6,'Products Table'!A6:A13,'Products Table'!B6:B13) -> Mechanical Keyboard | G6: =_xlfn.XLOOKUP(D6,'Products Table'!A6:A13,'Products Table'!C6:C13) -> Electronics | H6: =_xlfn.XLOOKUP(F6,'Products Table'!B6:B13,'Products Table'!D6:D13) -> 2100 | I6: =_xlfn.XLOOKUP(C6,'Employee Table'!A3:A8,'Employee Table'!B3:B8) -> Riaan Botha | J6: =_xlfn.XLOOKUP(I6,'Employee Table'!B3:B8,'Employee Table'!C3:C8) -> Gauteng | K6: =H6*E6 -> 6300
A7: T006 | B7: 46115 | C7: EM06 | D7: PR02 | E7: 2 | F7: =_xlfn.XLOOKUP(D7,'Products Table'!A2:A9,'Products Table'!B2:B9) -> Office Chair | G7: =_xlfn.XLOOKUP(D7,'Products Table'!A2:A9,'Products Table'!C2:C9) -> Furniture | H7: =_xlfn.XLOOKUP(F7,'Products Table'!B2:B9,'Products Table'!D2:D9) -> 3200 | I7: =_xlfn.XLOOKUP(C7,'Employee Table'!A7:A12,'Employee Table'!B7:B12) -> Lebo Mahlangu | J7: =_xlfn.XLOOKUP(I7,'Employee Table'!B7:B12,'Employee Table'!C7:C12) -> Limpopo | K7: =H7*E7 -> 6400
A8: T007 | B8: 46116 | C8: EM01 | D8: PR05 | E8: 5 | F8: =_xlfn.XLOOKUP(D8,'Products Table'!A2:A9,'Products Table'!B2:B9) -> Webcam HD | G8: =_xlfn.XLOOKUP(D8,'Products Table'!A2:A9,'Products Table'!C2:C9) -> Electronics | H8: =_xlfn.XLOOKUP(F8,'Products Table'!B3:B10,'Products Table'!D3:D10) -> 1200 | I8: =_xlfn.XLOOKUP(C8,'Employee Table'!A2:A7,'Employee Table'!B2:B7) -> Thabo Nkosi | J8: =_xlfn.XLOOKUP(I8,'Employee Table'!B2:B7,'Employee Table'!C2:C7) -> Gauteng | K8: =H8*E8 -> 6000
A9: T008 | B9: 46116 | C9: EM03 | D9: PR01 | E9: 1 | F9: =_xlfn.XLOOKUP(D9,'Products Table'!A2:A9,'Products Table'!B2:B9) -> Gaming Laptop | G9: =_xlfn.XLOOKUP(D9,'Products Table'!A2:A9,'Products Table'!C2:C9) -> Electronics | H9: =_xlfn.XLOOKUP(F9,'Products Table'!B2:B9,'Products Table'!D2:D9) -> 15000 | I9: =_xlfn.XLOOKUP(C9,'Employee Table'!A3:A8,'Employee Table'!B3:B8) -> Zanele Dlamini | J9: =_xlfn.XLOOKUP(I9,'Employee Table'!B3:B8,'Employee Table'!C3:C8) -> Western Cape | K9: =H9*E9 -> 15000
A10: T009 | B10: 46119 | C10: EM02 | D10: PR08 | E10: 4 | F10: =_xlfn.XLOOKUP(D10,'Products Table'!A5:A12,'Products Table'!B5:B12) -> Whiteboard | G10: =_xlfn.XLOOKUP(D10,'Products Table'!A5:A12,'Products Table'!C5:C12) -> Stationery | H10: =_xlfn.XLOOKUP(F10,'Products Table'!B5:B12,'Products Table'!D5:D12) -> 890 | I10: =_xlfn.XLOOKUP(C10,'Employee Table'!A2:A7,'Employee Table'!B2:B7) -> Priya Pillay | J10: =_xlfn.XLOOKUP(I10,'Employee Table'!B2:B7,'Employee Table'!C2:C7) -> KZN | K10: =H10*E10 -> 3560
A11: T010 | B11: 46119 | C11: EM05 | D11: PR07 | E11: 2 | F11: =_xlfn.XLOOKUP(D11,'Products Table'!A6:A13,'Products Table'!B6:B13) -> Mechanical Keyboard | G11: =_xlfn.XLOOKUP(D11,'Products Table'!A6:A13,'Products Table'!C6:C13) -> Electronics | H11: =_xlfn.XLOOKUP(F11,'Products Table'!B6:B13,'Products Table'!D6:D13) -> 2100 | I11: =_xlfn.XLOOKUP(C11,'Employee Table'!A5:A10,'Employee Table'!B5:B10) -> Amahle Zulu | J11: =_xlfn.XLOOKUP(I11,'Employee Table'!B5:B10,'Employee Table'!C5:C10) -> KZN | K11: =H11*E11 -> 4200
A12: T011 | B12: 46120 | C12: EM06 | D12: PR03 | E12: 6 | F12: =_xlfn.XLOOKUP(D12,'Products Table'!A2:A9,'Products Table'!B2:B9) -> Wireless Headset | G12: =_xlfn.XLOOKUP(D12,'Products Table'!A2:A9,'Products Table'!C2:C9) -> Electronics | H12: =_xlfn.XLOOKUP(F12,'Products Table'!B2:B9,'Products Table'!D2:D9) -> 1800 | I12: =_xlfn.XLOOKUP(C12,'Employee Table'!A6:A11,'Employee Table'!B6:B11) -> Lebo Mahlangu | J12: =_xlfn.XLOOKUP(I12,'Employee Table'!B6:B11,'Employee Table'!C6:C11) -> Limpopo | K12: =H12*E12 -> 10800
A13: T012 | B13: 46120 | C13: EM04 | D13: PR01 | E13: 1 | F13: =_xlfn.XLOOKUP(D13,'Products Table'!A2:A9,'Products Table'!B2:B9) -> Gaming Laptop | G13: =_xlfn.XLOOKUP(D13,'Products Table'!A2:A9,'Products Table'!C2:C9) -> Electronics | H13: =_xlfn.XLOOKUP(F13,'Products Table'!B2:B9,'Products Table'!D2:D9) -> 15000 | I13: =_xlfn.XLOOKUP(C13,'Employee Table'!A2:A7,'Employee Table'!B2:B7) -> Riaan Botha | J13: =_xlfn.XLOOKUP(I13,'Employee Table'!B2:B7,'Employee Table'!C2:C7) -> Gauteng | K13: =H13*E13 -> 15000
A14: T013 | B14: 46121 | C14: EM01 | D14: PR04 | E14: 2 | F14: =_xlfn.XLOOKUP(D14,'Products Table'!A2:A9,'Products Table'!B2:B9) -> Standing Desk | G14: =_xlfn.XLOOKUP(D14,'Products Table'!A4:A11,'Products Table'!C4:C11) -> Furniture | H14: =_xlfn.XLOOKUP(F14,'Products Table'!B4:B11,'Products Table'!D4:D11) -> 5500 | I14: =_xlfn.XLOOKUP(C14,'Employee Table'!A2:A7,'Employee Table'!B2:B7) -> Thabo Nkosi | J14: =_xlfn.XLOOKUP(I14,'Employee Table'!B2:B7,'Employee Table'!C2:C7) -> Gauteng | K14: =H14*E14 -> 11000
A15: T014 | B15: 46121 | C15: EM03 | D15: PR06 | E15: 15 | F15: =_xlfn.XLOOKUP(D15,'Products Table'!A3:A10,'Products Table'!B3:B10) -> Notebook Bundle | G15: =_xlfn.XLOOKUP(D15,'Products Table'!A5:A12,'Products Table'!C5:C12) -> Stationery | H15: =_xlfn.XLOOKUP(F15,'Products Table'!B5:B12,'Products Table'!D5:D12) -> 350 | I15: =_xlfn.XLOOKUP(C15,'Employee Table'!A4:A9,'Employee Table'!B4:B9) -> Zanele Dlamini | J15: =_xlfn.XLOOKUP(I15,'Employee Table'!B4:B9,'Employee Table'!C4:C9) -> Western Cape | K15: =H15*E15 -> 5250
A16: T015 | B16: 46122 | C16: EM02 | D16: PR05 | E16: 3 | F16: =_xlfn.XLOOKUP(D16,'Products Table'!A4:A11,'Products Table'!B4:B11) -> Webcam HD | G16: =_xlfn.XLOOKUP(D16,'Products Table'!A6:A13,'Products Table'!C6:C13) -> Electronics | H16: =_xlfn.XLOOKUP(F16,'Products Table'!B6:B13,'Products Table'!D6:D13) -> 1200 | I16: =_xlfn.XLOOKUP(C16,'Employee Table'!A2:A7,'Employee Table'!B2:B7) -> Priya Pillay | J16: =_xlfn.XLOOKUP(I16,'Employee Table'!B2:B7,'Employee Table'!C2:C7) -> KZN | K16: =H16*E16 -> 3600

Sheet Report
A3: Row Labels | B3: Sum of Total Revenue (R) | E3: Row Labels | F3: Sum of Total Revenue (R) | J3: Row Labels | K3: Sum of Total Revenue (R)
A4: Western Cape | B4: 50250 | E4: Electronics | F4: 98100 | J4: Zanele Dlamini | K4: 50250
A5: Gauteng | B5: 41800 | E5: Furniture | F5: 22900 | J5: Thabo Nkosi | K5: 20500
A6: KZN | B6: 24060 | E6: Stationery | F6: 12310 | J6: Riaan Botha | K6: 21300
A7: Limpopo | B7: 17200 | E7: Grand Total | F7: 133310 | J7: Priya Pillay | K7: 12660
A8: Grand Total | B8: 133310 | J8: Lebo Mahlangu | K8: 17200
J9: Amahle Zulu | K9: 11400
J10: Grand Total | K10: 133310
